﻿<?xml version="1.0" encoding="utf-8"?>
<deployment>
  <id>91760485418335</id>
  <author>Ian Rossato Braga</author>
  <deployer>VSTS</deployer>
  <authorEmail />
  <message>{"type":"Deployment","commitId":"07e0ef97ba8835ee9268110c747ef2023fbd4379","buildId":"9","buildNumber":"20251014.6","repoProvider":"TfsGit","repoName":"devops-cp5","collectionUrl":"https://dev.azure.com/RM554989/","teamProject":"e77b3443-a5d9-4026-abb8-a2ac2d9e9158","buildProjectUrl":"https://dev.azure.com/RM554989/e77b3443-a5d9-4026-abb8-a2ac2d9e9158","repositoryUrl":"https://RM554989@dev.azure.com/RM554989/checkpoint-5/_git/devops-cp5","branch":"main","teamProjectName":"checkpoint-5","slotName":"production"}</message>
  <progress />
  <status>Failed</status>
  <statusText />
  <lastSuccessEndTime>2025-10-14T23:43:39.1010876Z</lastSuccessEndTime>
  <receivedTime>2025-10-14T23:43:39.1010876Z</receivedTime>
  <startTime>2025-10-14T23:43:39.1010876Z</startTime>
  <endTime>2025-10-14T23:43:39.1010876Z</endTime>
  <complete>True</complete>
  <is_temp>False</is_temp>
  <is_readonly>True</is_readonly>
  <project_type></project_type>
  <vsproject_id></vsproject_id>
</deployment>