{"TimeStamp":"2025-10-14T23:48:38Z","SiteName":"app-checkpoint","RequestId":"10650312-9ee5-4038-9afe-baf80f676055","Kind":"OneDeploy","Status":"Success","Details":"{\"Id\":\"1b4f175253184a10967b4e64316a3b7e\",\"Status\":4,\"StatusText\":\"\",\"AuthorEmail\":\"N/A\",\"Author\":\"N/A\",\"Message\":\"OneDeploy\",\"Progress\":\"\",\"Deployer\":\"OneDeploy\",\"ReceivedTime\":\"2025-10-14T23:48:37.5197281Z\",\"StartTime\":\"2025-10-14T23:48:37.5822279Z\",\"EndTime\":\"2025-10-14T23:48:38.7697358Z\",\"LastSuccessEndTime\":\"2025-10-14T23:48:38.7697358Z\",\"Complete\":true,\"IsTemporary\":false,\"IsReadOnly\":true,\"SiteName\":\"app-checkpoint\",\"HostName\":\"app-checkpoint.scm.azurewebsites.net\",\"ProjectType\":\"OneDeploy\",\"VsProjectId\":null}"}