﻿<?xml version="1.0" encoding="utf-8"?>
<deployment>
  <id>1b4f175253184a10967b4e64316a3b7e</id>
  <author>N/A</author>
  <deployer>OneDeploy</deployer>
  <authorEmail>N/A</authorEmail>
  <message>OneDeploy</message>
  <progress></progress>
  <status>Success</status>
  <statusText></statusText>
  <lastSuccessEndTime>2025-10-14T23:48:38.7697358Z</lastSuccessEndTime>
  <receivedTime>2025-10-14T23:48:37.5197281Z</receivedTime>
  <startTime>2025-10-14T23:48:37.5822279Z</startTime>
  <endTime>2025-10-14T23:48:38.7697358Z</endTime>
  <complete>True</complete>
  <is_temp>False</is_temp>
  <is_readonly>True</is_readonly>
  <project_type>OneDeploy</project_type>
  <vsproject_id></vsproject_id>
</deployment>