<step title="BackgroundTrace" date="2025-10-14T23:48:37.394" instance="79e06d" url="/api/publish" method="POST" >
  <step title="Updating shutdown sentinel last write time" date="2025-10-14T23:48:37.394" SemaphoreCount="7" /><!-- duration: 0ms -->
  <step title="LockFile &apos;C:\home\site\locks\deployments.lock&apos; acquired" date="2025-10-14T23:48:37.394" /><!-- duration: 0ms -->
  <step title="Creating temporary deployment" date="2025-10-14T23:48:37.394" /><!-- duration: 47ms -->
  <step title="Performing fetch based deployment" date="2025-10-14T23:48:37.441" >
    <step title="Fetching changes." date="2025-10-14T23:48:37.472" /><!-- duration: 16ms -->
    <step title="Moving C:\local\Temp\zipdeploy\extracted to C:\local\Temp\zipdeploy\extracted\app.jar" date="2025-10-14T23:48:37.488" /><!-- duration: 16ms -->
    <step title="Before sending BuildRequestReceived status to /api/updatedeploystatus" date="2025-10-14T23:48:37.504" /><!-- duration: 0ms -->
    <step title="DeploymentManager.Deploy(id:1b4f175253184a10967b4e64316a3b7e)" date="2025-10-14T23:48:37.504" >
      <step title="Collecting changeset information" date="2025-10-14T23:48:37.519" /><!-- duration: 16ms -->
      <step title="Updating submodules" date="2025-10-14T23:48:37.535" >
        <step title="Updating submodules." date="2025-10-14T23:48:37.550" /><!-- duration: 0ms -->
      </step><!-- duration: 16ms -->
      <step title="Preparing deployment for commit id &apos;1b4f175253&apos;." date="2025-10-14T23:48:37.566" /><!-- duration: 16ms -->
      <step title="Determining deployment builder" date="2025-10-14T23:48:37.597" >
        <step title="Builder is OneDeployBuilder" date="2025-10-14T23:48:37.613" /><!-- duration: 0ms -->
      </step><!-- duration: 16ms -->
      <step title="Copying SSH keys" date="2025-10-14T23:48:37.613" /><!-- duration: 16ms -->
      <step title="Building" date="2025-10-14T23:48:37.629" >
        <step title="Running build. Project type: OneDeploy" date="2025-10-14T23:48:37.644" /><!-- duration: 0ms -->
        <step title="Copying the manifest" date="2025-10-14T23:48:37.660" /><!-- duration: 0ms -->
        <step title="Clean deploying to C:\home\site\wwwroot" date="2025-10-14T23:48:37.691" /><!-- duration: 0ms -->
        <step title="Generating deployment script." date="2025-10-14T23:48:37.707" /><!-- duration: 0ms -->
        <step title="Generating deployment script" date="2025-10-14T23:48:37.707" >
          <step title="Using the following command to generate deployment script: &apos;azure site deploymentscript -y --no-dot-deployment -r &quot;C:\local\Temp\zipdeploy\extracted&quot; -o &quot;C:\home\site\deployments\tools&quot; --basic --sitePath &quot;C:\local\Temp\zipdeploy\extracted&quot;&apos;." date="2025-10-14T23:48:37.754" /><!-- duration: 0ms -->
          <step title="Executing external process" date="2025-10-14T23:48:37.769" type="process" path="starter.cmd" arguments="&quot;C:\Program Files (x86)\SiteExtensions\Kudu\2025.09.1.1\bin\node_modules\.bin\kuduscript.cmd&quot; -y --no-dot-deployment -r &quot;C:\local\Temp\zipdeploy\extracted&quot; -o &quot;C:\home\site\deployments\tools&quot; --basic --sitePath &quot;C:\local\Temp\zipdeploy\extracted&quot;" >
            <step title="Generating deployment script for Web Site" date="2025-10-14T23:48:37.879" /><!-- duration: 0ms -->
            <step title="Generated deployment script files" date="2025-10-14T23:48:37.894" /><!-- duration: 0ms -->
          </step><!-- duration: 125ms -->
          <step title="Saved cached version of the deployment script for command -y --no-dot-deployment -r &quot;C:\local\Temp\zipdeploy\extracted&quot; -o &quot;C:\home\site\deployments\tools&quot; --basic --sitePath &quot;C:\local\Temp\zipdeploy\extracted&quot;" date="2025-10-14T23:48:37.894" /><!-- duration: 0ms -->
        </step><!-- duration: 187ms -->
        <step title="Running deployment command..." date="2025-10-14T23:48:37.910" /><!-- duration: 0ms -->
        <step title="Command: &quot;C:\home\site\deployments\tools\deploy.cmd&quot;" date="2025-10-14T23:48:37.925" /><!-- duration: 0ms -->
        <step title="Executing external process" date="2025-10-14T23:48:37.925" type="process" path="starter.cmd" arguments="&quot;C:\home\site\deployments\tools\deploy.cmd&quot;" >
          <step title="Handling Basic Web Site deployment." date="2025-10-14T23:48:38.035" /><!-- duration: 0ms -->
          <step title="Creating app_offline.htm" date="2025-10-14T23:48:38.254" /><!-- duration: 16ms -->
          <step title="KuduSync.NET from: &apos;C:\local\Temp\zipdeploy\extracted&apos; to: &apos;C:\home\site\wwwroot&apos;" date="2025-10-14T23:48:38.269" /><!-- duration: 16ms -->
          <step title="Deleting file: &apos;hostingstart.html&apos;" date="2025-10-14T23:48:38.285" /><!-- duration: 0ms -->
          <step title="Copying file: &apos;app.jar&apos;" date="2025-10-14T23:48:38.285" /><!-- duration: 0ms -->
          <step title="Deleting app_offline.htm" date="2025-10-14T23:48:38.300" /><!-- duration: 0ms -->
          <step title="Finished successfully." date="2025-10-14T23:48:38.300" /><!-- duration: 0ms -->
        </step><!-- duration: 375ms -->
        <step title="Build completed succesfully." date="2025-10-14T23:48:38.316" /><!-- duration: 0ms -->
        <step title="Running post deployment command(s)..." date="2025-10-14T23:48:38.332" /><!-- duration: 0ms -->
        <step title="Requesting site restart" date="2025-10-14T23:48:38.363" /><!-- duration: 0ms -->
        <step title="Requesting site restart" date="2025-10-14T23:48:38.363" /><!-- duration: 16ms -->
        <step title="Requesting site restart. Attempt #1" date="2025-10-14T23:48:38.394" /><!-- duration: 0ms -->
        <step title="Requesting site restart. Attempt #1" date="2025-10-14T23:48:38.394" /><!-- duration: 16ms -->
        <step title="Successfully requested a restart. Attempt #1" date="2025-10-14T23:48:38.738" /><!-- duration: 0ms -->
        <step title="Successfully requested a restart. Attempt #1" date="2025-10-14T23:48:38.738" /><!-- duration: 0ms -->
        <step title="Deployment successful. DEPLOYMENTINFO: deploymentPath = OneDeploy, deployer = OneDeploy, os = windows, sku = Free, siteName = app-checkpoint, siteHostName = app-checkpoint.azurewebsites.net, deploymentStatus = Success" date="2025-10-14T23:48:38.754" /><!-- duration: 16ms -->
      </step><!-- duration: 1203ms -->
    </step><!-- duration: 1344ms -->
    <step title="Cleaning up temp files" date="2025-10-14T23:48:38.847" /><!-- duration: 0ms -->
    <step title="Skip function trigger and logicapp sync because function is not enabled." date="2025-10-14T23:48:38.847" /><!-- duration: 0ms -->
  </step><!-- duration: 1438ms -->
  <step title="LockFile &apos;C:\home\site\locks\deployments.lock&apos; released" date="2025-10-14T23:48:38.879" /><!-- duration: 0ms -->
  <step title="Deleting shutdown sentinel file" date="2025-10-14T23:48:38.879" SemaphoreCount="8" /><!-- duration: 0ms -->
</step><!-- duration: 1484ms -->
