<step title="Incoming Request" date="2025-10-14T23:49:23.140" instance="79e06d" url="/api/deployments/101760485761861" method="PUT" type="request" pid="9544,2,8" Content-Length="677" Content-Type="application/json; charset=utf-8" Authorization="Bea..." Cookie="ARRAffinity=79e06db539acb57119e709978d2cf1da299e8341753d6f6345007fcab3f69bc5;Path=/;HttpOnly;Secure;Domain=app-checkpoint.scm.azurewebsites.net; ARRAffinitySameSite=79e06db539acb57119e709978d2cf1da299e8341753d6f6345007fcab3f69bc5;Path=/;HttpOnly;SameSite=None;Secure;Domain=app-checkpoint.scm.azurewebsites.net" Host="app-checkpoint.scm.azurewebsites.net" User-Agent="VSTS_09f93fb6-27e2-410f-8c12-f1eb5ab37f48_build_2_0" X-ARR-LOG-ID="bbc11261-614f-4b84-88fc-8f997a6d1cbe" CLIENT-IP="52.173.221.50:12296" X-SITE-DEPLOYMENT-ID="app-checkpoint" WAS-DEFAULT-HOSTNAME="app-checkpoint.scm.azurewebsites.net" X-Forwarded-Proto="https" X-AppService-Proto="https" X-Forwarded-TlsVersion="1.3" X-WAWS-Unencoded-URL="/api/deployments/101760485761861" >
  <step title="DeploymentService.Deploy(id)" date="2025-10-14T23:49:23.390" >
    <step title="Updating shutdown sentinel last write time" date="2025-10-14T23:49:23.422" SemaphoreCount="7" /><!-- duration: 0ms -->
    <step title="LockFile &apos;C:\home\site\locks\deployments.lock&apos; acquired" date="2025-10-14T23:49:23.437" /><!-- duration: 0ms -->
    <step title="DeploymentService.Create(id)" date="2025-10-14T23:49:23.453" /><!-- duration: 47ms -->
    <step title="LockFile &apos;C:\home\site\locks\deployments.lock&apos; released" date="2025-10-14T23:49:23.500" /><!-- duration: 0ms -->
    <step title="Deleting shutdown sentinel file" date="2025-10-14T23:49:23.500" SemaphoreCount="8" /><!-- duration: 0ms -->
  </step><!-- duration: 109ms -->
  <step title="Outgoing response" date="2025-10-14T23:49:23.531" type="response" statusCode="200" statusText="OK" Server="Microsoft-IIS/10.0" x-ms-request-id="bbc11261-614f-4b84-88fc-8f997a6d1cbe" Cache-Control="private" X-AspNet-Version="4.0.30319" Content-Type="application/json; charset=utf-8" /><!-- duration: 0ms -->
</step><!-- duration: 391ms -->
