<step title="Incoming Request" date="2025-10-14T23:43:39.007" instance="79e06d" url="/api/deployments/91760485418335" method="PUT" type="request" pid="2232,2,31" Content-Length="676" Content-Type="application/json; charset=utf-8" Authorization="Bea..." Cookie="ARRAffinity=79e06db539acb57119e709978d2cf1da299e8341753d6f6345007fcab3f69bc5;Path=/;HttpOnly;Secure;Domain=app-checkpoint.scm.azurewebsites.net; ARRAffinitySameSite=79e06db539acb57119e709978d2cf1da299e8341753d6f6345007fcab3f69bc5;Path=/;HttpOnly;SameSite=None;Secure;Domain=app-checkpoint.scm.azurewebsites.net" Host="app-checkpoint.scm.azurewebsites.net" User-Agent="VSTS_09f93fb6-27e2-410f-8c12-f1eb5ab37f48_build_2_0" X-ARR-LOG-ID="2ef5286e-2ae4-49a7-81d7-c9ae6fb7e351" CLIENT-IP="172.214.95.145:47114" X-SITE-DEPLOYMENT-ID="app-checkpoint" WAS-DEFAULT-HOSTNAME="app-checkpoint.scm.azurewebsites.net" X-Forwarded-Proto="https" X-AppService-Proto="https" X-Forwarded-TlsVersion="1.3" X-WAWS-Unencoded-URL="/api/deployments/91760485418335" >
  <step title="DeploymentService.Deploy(id)" date="2025-10-14T23:43:39.069" >
    <step title="Updating shutdown sentinel last write time" date="2025-10-14T23:43:39.085" SemaphoreCount="7" /><!-- duration: 0ms -->
    <step title="LockFile &apos;C:\home\site\locks\deployments.lock&apos; acquired" date="2025-10-14T23:43:39.101" /><!-- duration: 0ms -->
    <step title="DeploymentService.Create(id)" date="2025-10-14T23:43:39.101" /><!-- duration: 62ms -->
    <step title="LockFile &apos;C:\home\site\locks\deployments.lock&apos; released" date="2025-10-14T23:43:39.179" /><!-- duration: 0ms -->
    <step title="Deleting shutdown sentinel file" date="2025-10-14T23:43:39.179" SemaphoreCount="8" /><!-- duration: 0ms -->
  </step><!-- duration: 109ms -->
  <step title="Outgoing response" date="2025-10-14T23:43:39.194" type="response" statusCode="200" statusText="OK" Server="Microsoft-IIS/10.0" x-ms-request-id="2ef5286e-2ae4-49a7-81d7-c9ae6fb7e351" Cache-Control="private" X-AspNet-Version="4.0.30319" Content-Type="application/json; charset=utf-8" /><!-- duration: 0ms -->
</step><!-- duration: 187ms -->
