<step title="Incoming Request" date="2025-10-14T23:48:36.879" instance="79e06d" url="/api/publish?async=true&amp;deployer=VSTS_ONE_DEPLOY&amp;type=Jar&amp;clean=true&amp;message=%7B%22type%22%3A%22deployment%22%2C%22commitId%22%3A%2207e0ef97ba8835ee9268110c747ef2023fbd4379%22%2C%22buildId%22%3A%2210%22%2C%22buildNumber%22%3A%2220251014.7%22%2C%22repoProvider%22%3A%22TfsGit%22%2C%22repoName%22%3A%22devops-cp5%22%2C%22collectionUrl%22%3A%22https%3A%2F%2Fdev.azure.com%2FRM554989%2F%22%2C%22teamProject%22%3A%22e77b3443-a5d9-4026-abb8-a2ac2d9e9158%22%2C%22buildProjectUrl%22%3A%22https%3A%2F%2Fdev.azure.com%2FRM554989%2Fe77b3443-a5d9-4026-abb8-a2ac2d9e9158%22%2C%22repositoryUrl%22%3A%22https%3A%2F%2FRM554989%40dev.azure.com%2FRM554989%2Fcheckpoint-5%2F_git%2Fdevops-cp5%22%2C%22branch%22%3A%22main%22%2C%22teamProjectName%22%3A%22checkpoint-5%22%2C%22slotName%22%3A%22production%22%7D" method="POST" type="request" pid="6344,2,8" Transfer-Encoding="chunked" Content-Type="application/octet-stream" Authorization="Bea..." Cookie="ARRAffinity=79e06db539acb57119e709978d2cf1da299e8341753d6f6345007fcab3f69bc5;Path=/;HttpOnly;Secure;Domain=app-checkpoint.scm.azurewebsites.net; ARRAffinitySameSite=79e06db539acb57119e709978d2cf1da299e8341753d6f6345007fcab3f69bc5;Path=/;HttpOnly;SameSite=None;Secure;Domain=app-checkpoint.scm.azurewebsites.net" Host="app-checkpoint.scm.azurewebsites.net" User-Agent="VSTS_09f93fb6-27e2-410f-8c12-f1eb5ab37f48_build_2_0" x-ms-artifact-checksum="8d6c97a50f3202350a6ef6577ee71f6440d2bf3d3fb8e8370101a6ba82967567" X-ARR-LOG-ID="10650312-9ee5-4038-9afe-baf80f676055" CLIENT-IP="52.173.221.50:12297" X-SITE-DEPLOYMENT-ID="app-checkpoint" WAS-DEFAULT-HOSTNAME="app-checkpoint.scm.azurewebsites.net" X-Forwarded-Proto="https" X-AppService-Proto="https" X-Forwarded-TlsVersion="1.3" X-WAWS-Unencoded-URL="/api/publish?async=true&amp;deployer=VSTS_ONE_DEPLOY&amp;type=Jar&amp;clean=true&amp;message=%7B%22type%22%3A%22deployment%22%2C%22commitId%22%3A%2207e0ef97ba8835ee9268110c747ef2023fbd4379%22%2C%22buildId%22%3A%2210%22%2C%22buildNumber%22%3A%2220251014.7%22%2C%22repoProvider%22%3A%22TfsGit%22%2C%22repoName%22%3A%22devops-cp5%22%2C%22collectionUrl%22%3A%22https%3A%2F%2Fdev.azure.com%2FRM554989%2F%22%2C%22teamProject%22%3A%22e77b3443-a5d9-4026-abb8-a2ac2d9e9158%22%2C%22buildProjectUrl%22%3A%22https%3A%2F%2Fdev.azure.com%2FRM554989%2Fe77b3443-a5d9-4026-abb8-a2ac2d9e9158%22%2C%22repositoryUrl%22%3A%22https%3A%2F%2FRM554989%40dev.azure.com%2FRM554989%2Fcheckpoint-5%2F_git%2Fdevops-cp5%22%2C%22branch%22%3A%22main%22%2C%22teamProjectName%22%3A%22checkpoint-5%22%2C%22slotName%22%3A%22production%22%7D" >
  <step title="OneDeploy" date="2025-10-14T23:48:36.941" >
    <step title="Starting PushDeployAsync" date="2025-10-14T23:48:36.957" /><!-- duration: 0ms -->
    <step title="Updating shutdown sentinel last write time" date="2025-10-14T23:48:37.004" SemaphoreCount="7" /><!-- duration: 0ms -->
    <step title="LockFile &apos;C:\home\site\locks\deployments.lock&apos; acquired" date="2025-10-14T23:48:37.004" /><!-- duration: 0ms -->
    <step title="Saving request content to C:\local\Temp\zipdeploy\app.jar" date="2025-10-14T23:48:37.019" >
      <step title="Total 48,625,927 bytes written to C:\local\Temp\zipdeploy\app.jar" date="2025-10-14T23:48:37.363" /><!-- duration: 0ms -->
    </step><!-- duration: 344ms -->
    <step title="LockFile &apos;C:\home\site\locks\deployments.lock&apos; released" date="2025-10-14T23:48:37.363" /><!-- duration: 0ms -->
    <step title="Deleting shutdown sentinel file" date="2025-10-14T23:48:37.379" SemaphoreCount="8" /><!-- duration: 0ms -->
    <step title="Starting FetchDeploy" date="2025-10-14T23:48:37.379" /><!-- duration: 0ms -->
    <step title="Start deployment in the background" date="2025-10-14T23:48:37.379" /><!-- duration: 63ms -->
  </step><!-- duration: 500ms -->
  <step title="Outgoing response" date="2025-10-14T23:48:37.441" type="response" statusCode="202" statusText="Accepted" Server="Microsoft-IIS/10.0" x-ms-request-id="10650312-9ee5-4038-9afe-baf80f676055" Retry-After="30" Cache-Control="private" X-AspNet-Version="4.0.30319" Location="https://app-checkpoint.scm.azurewebsites.net/api/deployments/latest?deployer=OneDeploy&amp;time=2025-10-14_23-48-37Z" /><!-- duration: 0ms -->
</step><!-- duration: 562ms -->
